caption,image_file
the holocaust,image (1).jpg
the holocaust,image (2).jpg
the holocaust,image (3).jpg
the holocaust,image (4).jpg
the holocaust,image (5).jpg
the holocaust,image (6).jpg
the holocaust,image (7).jpg
the holocaust,image (8).jpg
the holocaust,image (9).jpg
the holocaust,image (10).jpg
the holocaust,image (11).jpg
the holocaust,image (12).jpg
the holocaust,image (13).jpg
the holocaust,image (14).jpg
the holocaust,image (15).jpg
the holocaust,image (16).jpg
the holocaust,image (17).jpg
the holocaust,image (18).jpg
the holocaust,image (19).jpg
the holocaust,image (20).jpg
the holocaust,image (21).jpg
the holocaust,image (22).jpg
the holocaust,image (23).jpg
the holocaust,image (24).jpg
the holocaust,image (25).jpg
the holocaust,image (26).jpg
the holocaust,image (27).jpg
the holocaust,image (28).jpg
the holocaust,image (29).jpg
the holocaust,image (30).jpg
the holocaust,image (31).jpg
the holocaust,image (32).jpg
the holocaust,image (33).jpg
